{"cameraMode":{"drawMode":0,"name":"Shaded","section":"Shading Mode"},"sceneLighting":true,"audioPlay":false,"sceneViewState":{"showFog":true,"showMaterialUpdate":false,"showSkybox":true,"showFlares":true,"showImageEffects":true,"showParticleSystems":true},"in2DMode":false,"pivot":{"x":1585.731201171875,"y":702.880615234375,"z":-314.99945068359377},"rotation":{"x":0.07822602242231369,"y":0.009914780966937542,"z":-0.0008736082236282527,"w":0.9969161748886108},"size":1013.6047973632813,"orthographic":false}