{"cameraMode":{"drawMode":0,"name":"Shaded","section":"Shading Mode"},"sceneLighting":true,"audioPlay":false,"sceneViewState":{"showFog":true,"showMaterialUpdate":false,"showSkybox":true,"showFlares":true,"showImageEffects":true,"showParticleSystems":true},"in2DMode":false,"pivot":{"x":21.5372257232666,"y":-13.426673889160157,"z":0.2391953468322754},"rotation":{"x":0.3169894218444824,"y":0.037261251360177997,"z":-0.012512032873928547,"w":0.9476318359375},"size":36.298091888427737,"orthographic":false}