{"cameraMode":{"drawMode":0,"name":"Shaded","section":"Shading Mode"},"sceneLighting":true,"audioPlay":false,"sceneViewState":{"showFog":true,"showMaterialUpdate":false,"showSkybox":true,"showFlares":true,"showImageEffects":true,"showParticleSystems":true},"in2DMode":false,"pivot":{"x":4.304398059844971,"y":-19.025691986083986,"z":-10.420551300048829},"rotation":{"x":-0.5502799153327942,"y":0.1329423487186432,"z":-0.0891830176115036,"w":-0.819517970085144},"size":181.6599578857422,"orthographic":false}