{"cameraMode":{"drawMode":0,"name":"Shaded","section":"Shading Mode"},"sceneLighting":true,"audioPlay":false,"sceneViewState":{"showFog":true,"showMaterialUpdate":false,"showSkybox":true,"showFlares":true,"showImageEffects":true,"showParticleSystems":true},"in2DMode":false,"pivot":{"x":21.5372257232666,"y":-13.426673889160157,"z":0.2391953468322754},"rotation":{"x":0.19672073423862458,"y":0.2102283090353012,"z":-0.043274473398923877,"w":0.9566954970359802},"size":14.289812088012696,"orthographic":false}